# radii,kt_mito
0.000000000000000000e+00,nan
1.435387676805157664e+00,nan
2.870775353610315328e+00,nan
4.306163030415472548e+00,nan
5.741550707220630656e+00,nan
7.176938384025788764e+00,nan
8.612326060830945096e+00,nan
1.004771373763610320e+01,nan
1.148310141444126131e+01,nan
1.291848909124641942e+01,nan
1.435387676805157753e+01,nan
1.578926444485673386e+01,nan
1.722465212166189019e+01,nan
1.866003979846705008e+01,nan
2.009542747527220641e+01,nan
2.153081515207736629e+01,nan
2.296620282888252262e+01,nan
2.440159050568767896e+01,nan
2.583697818249283884e+01,nan
2.727236585929799517e+01,nan
2.870775353610315506e+01,nan
3.014314121290831139e+01,nan
3.157852888971346772e+01,nan
3.301391656651862405e+01,nan
3.444930424332378038e+01,nan
3.588469192012894382e+01,nan
3.732007959693410015e+01,nan
3.875546727373925648e+01,nan
4.019085495054441282e+01,nan
4.162624262734956915e+01,nan
4.306163030415473258e+01,nan
4.449701798095988892e+01,nan
4.593240565776504525e+01,nan
4.736779333457020158e+01,nan
4.880318101137535791e+01,nan
5.023856868818052135e+01,nan
5.167395636498567768e+01,nan
5.310934404179083401e+01,nan
5.454473171859599034e+01,nan
5.598011939540114668e+01,nan
5.741550707220631011e+01,nan
5.885089474901146644e+01,nan
6.028628242581662278e+01,nan
6.172167010262177911e+01,nan
6.315705777942693544e+01,nan
6.459244545623209888e+01,nan
6.602783313303724810e+01,nan
6.746322080984241154e+01,nan
6.889860848664756077e+01,nan
7.033399616345272420e+01,nan
